domain,clean_domain
"8765.ton","8765"
"9339.ton","9339"
"6789.ton","6789"
"2025.ton","2025"
"1337.ton","1337"
"8288.ton","8288"
"6660.ton","6660"
"6066.ton","6066"
"1990.ton","1990"
"0027.ton","0027"
"6226.ton","6226"
"6661.ton","6661"
"7171.ton","7171"
"1414.ton","1414"
"5858.ton","5858"
"3223.ton","3223"
"7667.ton","7667"
"1551.ton","1551"
"1118.ton","1118"
"0770.ton","0770"
"0032.ton","0032"
"1988.ton","1988"
"2003.ton","2003"
"9989.ton","9989"
"5888.ton","5888"
"9889.ton","9889"
"2038.ton","2038"
"1922.ton","1922"
"6777.ton","6777"
"8668.ton","8668"
"9998.ton","9998"
"1344.ton","1344"
"0068.ton","0068"
"0085.ton","0085"
"8004.ton","8004"
"3399.ton","3399"
"3331.ton","3331"
"9527.ton","9527"
"2035.ton","2035"
"2442.ton","2442"
"5559.ton","5559"
"1984.ton","1984"
"1331.ton","1331"
"1661.ton","1661"
"1177.ton","1177"
"1991.ton","1991"
"0333.ton","0333"
"5666.ton","5666"
"9191.ton","9191"
"2777.ton","2777"
"8918.ton","8918"
"1987.ton","1987"
"9888.ton","9888"
"5885.ton","5885"
"3666.ton","3666"
"9995.ton","9995"
"2226.ton","2226"
"2090.ton","2090"
"8898.ton","8898"
"0912.ton","0912"
"6886.ton","6886"
"7979.ton","7979"
"9666.ton","9666"
"7777.ton","7777"
"1995.ton","1995"
"8818.ton","8818"
"5005.ton","5005"
"6688.ton","6688"
"4242.ton","4242"
"2223.ton","2223"
"8520.ton","8520"
"2082.ton","2082"
"8686.ton","8686"
"8666.ton","8666"
"9992.ton","9992"
"0019.ton","0019"
"7117.ton","7117"
"3232.ton","3232"
"4321.ton","4321"
"7771.ton","7771"
"0137.ton","0137"
"8884.ton","8884"
"2888.ton","2888"
"0061.ton","0061"
"8833.ton","8833"
"8787.ton","8787"
"7555.ton","7555"
"1994.ton","1994"
"6665.ton","6665"
"1488.ton","1488"
"8258.ton","8258"
"3434.ton","3434"
"2121.ton","2121"
"8188.ton","8188"
"1890.ton","1890"
"5000.ton","5000"
"1322.ton","1322"
"3883.ton","3883"
"1110.ton","1110"
"0400.ton","0400"
"0051.ton","0051"
"7772.ton","7772"
"2007.ton","2007"
"0420.ton","0420"
"7775.ton","7775"
"1996.ton","1996"
"0060.ton","0060"
"4989.ton","4989"
"8588.ton","8588"
"0016.ton","0016"
"2666.ton","2666"
"3663.ton","3663"
"6969.ton","6969"
"0440.ton","0440"
"8688.ton","8688"
"3335.ton","3335"
"2028.ton","2028"
"2062.ton","2062"
"3999.ton","3999"
"8819.ton","8819"
"9898.ton","9898"
"2034.ton","2034"
"8989.ton","8989"
"0010.ton","0010"
"6677.ton","6677"
"9990.ton","9990"
"1776.ton","1776"
"0777.ton","0777"
"0888.ton","0888"
"5500.ton","5500"
"1399.ton","1399"
"0033.ton","0033"
"1020.ton","1020"
"5777.ton","5777"
"0300.ton","0300"
"8838.ton","8838"
"0007.ton","0007"
"2233.ton","2233"
"8828.ton","8828"
"9779.ton","9779"
"9996.ton","9996"
"2046.ton","2046"
"1311.ton","1311"
"1945.ton","1945"
"7766.ton","7766"
"0044.ton","0044"
"1116.ton","1116"
"0001.ton","0001"
"0660.ton","0660"
"0606.ton","0606"
"5551.ton","5551"
"0030.ton","0030"
"8448.ton","8448"
"1666.ton","1666"
"5335.ton","5335"
"5557.ton","5557"
"3344.ton","3344"
"0080.ton","0080"
"9547.ton","9547"
"1771.ton","1771"
"2662.ton","2662"
"4444.ton","4444"
"0880.ton","0880"
"7000.ton","7000"
"9876.ton","9876"
"3838.ton","3838"
"2102.ton","2102"
"8998.ton","8998"
"7557.ton","7557"
"2211.ton","2211"
"8899.ton","8899"
"0038.ton","0038"
"0591.ton","0591"
"2112.ton","2112"
"7888.ton","7888"
"1001.ton","1001"
"3388.ton","3388"
"1616.ton","1616"
"3338.ton","3338"
"0444.ton","0444"
"2066.ton","2066"
"5050.ton","5050"
"1111.ton","1111"
"2828.ton","2828"
"4004.ton","4004"
"3773.ton","3773"
"8887.ton","8887"
"9966.ton","9966"
"5995.ton","5995"
"4488.ton","4488"
"2042.ton","2042"
"2086.ton","2086"
"2027.ton","2027"
"0078.ton","0078"
"7070.ton","7070"
"2078.ton","2078"
"0700.ton","0700"
"9977.ton","9977"
"7711.ton","7711"
"8858.ton","8858"
"2345.ton","2345"
"5151.ton","5151"
"2332.ton","2332"
"7890.ton","7890"
"0690.ton","0690"
"0800.ton","0800"
"7666.ton","7666"
"7887.ton","7887"
"9777.ton","9777"
"6060.ton","6060"
"6776.ton","6776"
"4399.ton","4399"
"1010.ton","1010"
"2049.ton","2049"
"9559.ton","9559"
"9595.ton","9595"
"4440.ton","4440"
"3888.ton","3888"
"3330.ton","3330"
"2137.ton","2137"
"7770.ton","7770"
"9993.ton","9993"
"6555.ton","6555"
"2022.ton","2022"
"8848.ton","8848"
"0900.ton","0900"
"8881.ton","8881"
"5775.ton","5775"
"8786.ton","8786"
"0036.ton","0036"
"0008.ton","0008"
"6669.ton","6669"
"5188.ton","5188"
"8555.ton","8555"
"0935.ton","0935"
"7878.ton","7878"
"2222.ton","2222"
"8126.ton","8126"
"0555.ton","0555"
"2200.ton","2200"
"0098.ton","0098"
"0808.ton","0808"
"0000.ton","0000"
"0006.ton","0006"
"8088.ton","8088"
"2024.ton","2024"
"3443.ton","3443"
"1024.ton","1024"
"4040.ton","4040"
"0028.ton","0028"
"1212.ton","1212"
"8877.ton","8877"
"1366.ton","1366"
"2021.ton","2021"
"2004.ton","2004"
"0050.ton","0050"
"2002.ton","2002"
"9188.ton","9188"
"0066.ton","0066"
"2552.ton","2552"
"1777.ton","1777"
"2020.ton","2020"
"1985.ton","1985"
"0110.ton","0110"
"4224.ton","4224"
"0002.ton","0002"
"7007.ton","7007"
"8988.ton","8988"
"8080.ton","8080"
"0918.ton","0918"
"1234.ton","1234"
"4545.ton","4545"
"8866.ton","8866"
"3555.ton","3555"
"4884.ton","4884"
"8388.ton","8388"
"0088.ton","0088"
"0100.ton","0100"
"2525.ton","2525"
"0520.ton","0520"
"7942.ton","7942"
"5432.ton","5432"
"5678.ton","5678"
"9988.ton","9988"
"2005.ton","2005"
"5225.ton","5225"
"2999.ton","2999"
"8811.ton","8811"
"9090.ton","9090"
"0500.ton","0500"
"8543.ton","8543"
"3333.ton","3333"
"0014.ton","0014"
"9009.ton","9009"
"6868.ton","6868"
"0707.ton","0707"
"4999.ton","4999"
"2160.ton","2160"
"0025.ton","0025"
"9909.ton","9909"
"0011.ton","0011"
"6668.ton","6668"
"6336.ton","6336"
"1113.ton","1113"
"8886.ton","8886"
"2023.ton","2023"
"8118.ton","8118"
"1101.ton","1101"
"8777.ton","8777"
"9158.ton","9158"
"3033.ton","3033"
"8885.ton","8885"
"0062.ton","0062"
"0058.ton","0058"
"0330.ton","0330"
"2009.ton","2009"
"3366.ton","3366"
"9999.ton","9999"
"0069.ton","0069"
"2008.ton","2008"
"8111.ton","8111"
"2228.ton","2228"
"1100.ton","1100"
"6000.ton","6000"
"3322.ton","3322"
"0089.ton","0089"
"7776.ton","7776"
"3737.ton","3737"
"0013.ton","0013"
"8788.ton","8788"
"1313.ton","1313"
"4777.ton","4777"
"4466.ton","4466"
"0550.ton","0550"
"6996.ton","6996"
"4888.ton","4888"
"7337.ton","7337"
"2220.ton","2220"
"0090.ton","0090"
"7889.ton","7889"
"0592.ton","0592"
"5588.ton","5588"
"1314.ton","1314"
"6655.ton","6655"
"6667.ton","6667"
"3003.ton","3003"
"6116.ton","6116"
"2070.ton","2070"
"7999.ton","7999"
"1888.ton","1888"
"2054.ton","2054"
"7717.ton","7717"
"7707.ton","7707"
"6999.ton","6999"
"1225.ton","1225"
"1717.ton","1717"
"3993.ton","3993"
"4554.ton","4554"
"0404.ton","0404"
"3456.ton","3456"
"1993.ton","1993"
"0123.ton","0123"
"3553.ton","3553"
"1999.ton","1999"
"2013.ton","2013"
"0023.ton","0023"
"9229.ton","9229"
"0111.ton","0111"
"6974.ton","6974"
"0009.ton","0009"
"5550.ton","5550"
"8882.ton","8882"
"1133.ton","1133"
"1333.ton","1333"
"8000.ton","8000"
"0521.ton","0521"
"4949.ton","4949"
"0130.ton","0130"
"4000.ton","4000"
"0077.ton","0077"
"1997.ton","1997"
"2001.ton","2001"
"0017.ton","0017"
"3337.ton","3337"
"0003.ton","0003"
"8883.ton","8883"
"0082.ton","0082"
"0666.ton","0666"
"8008.ton","8008"
"0029.ton","0029"
"0303.ton","0303"
"2882.ton","2882"
"0990.ton","0990"
"2010.ton","2010"
"6900.ton","6900"
"2094.ton","2094"
"6600.ton","6600"
"0021.ton","0021"
"7077.ton","7077"
"0551.ton","0551"
"0222.ton","0222"
"1688.ton","1688"
"3000.ton","3000"
"8878.ton","8878"
"5201.ton","5201"
"8282.ton","8282"
"7997.ton","7997"
"1377.ton","1377"
"8181.ton","8181"
"1441.ton","1441"
"3030.ton","3030"
"0035.ton","0035"
"6666.ton","6666"
"9696.ton","9696"
"9900.ton","9900"
"0026.ton","0026"
"7177.ton","7177"
"0022.ton","0022"
"0101.ton","0101"
"4096.ton","4096"
"8800.ton","8800"
"8855.ton","8855"
"9955.ton","9955"
"2058.ton","2058"
"3300.ton","3300"
"1222.ton","1222"
"1119.ton","1119"
"9555.ton","9555"
"2555.ton","2555"
"9119.ton","9119"
"1122.ton","1122"
"4666.ton","4666"
"1919.ton","1919"
"1989.ton","1989"
"0055.ton","0055"
"5200.ton","5200"
"1388.ton","1388"
"5150.ton","5150"
"1881.ton","1881"
"3137.ton","3137"
"1011.ton","1011"
"0081.ton","0081"
"7773.ton","7773"
"4400.ton","4400"
"5566.ton","5566"
"7575.ton","7575"
"8868.ton","8868"
"6767.ton","6767"
"2323.ton","2323"
"0087.ton","0087"
"0099.ton","0099"
"7788.ton","7788"
"6556.ton","6556"
"0012.ton","0012"
"0999.ton","0999"
"6006.ton","6006"
"1355.ton","1355"
"0086.ton","0086"
"9111.ton","9111"
"1117.ton","1117"
"5665.ton","5665"
"0311.ton","0311"
"8888.ton","8888"
"1986.ton","1986"
"8880.ton","8880"
"0031.ton","0031"
"8228.ton","8228"
"7700.ton","7700"
"5999.ton","5999"
"2048.ton","2048"
"0600.ton","0600"
"8999.ton","8999"
"1992.ton","1992"
"8123.ton","8123"
"0220.ton","0220"
"2221.ton","2221"
"2333.ton","2333"
"5115.ton","5115"
"2030.ton","2030"
"7447.ton","7447"
"7778.ton","7778"
"0505.ton","0505"
"1889.ton","1889"
"9997.ton","9997"
"8822.ton","8822"
"0091.ton","0091"
"4555.ton","4555"
"5558.ton","5558"
"5555.ton","5555"
"7799.ton","7799"
"3535.ton","3535"
"8585.ton","8585"
"0936.ton","0936"
"0070.ton","0070"
"2077.ton","2077"
"0200.ton","0200"
"2098.ton","2098"
"5088.ton","5088"
"6888.ton","6888"
"2050.ton","2050"
"8778.ton","8778"
"7227.ton","7227"
"0898.ton","0898"
"7779.ton","7779"
"0015.ton","0015"
"9000.ton","9000"
"3777.ton","3777"
"1112.ton","1112"
"1004.ton","1004"
"3210.ton","3210"
"0004.ton","0004"
"8889.ton","8889"
"8808.ton","8808"
"0005.ton","0005"
"1818.ton","1818"
"0018.ton","0018"
"0369.ton","0369"
"9449.ton","9449"
"2000.ton","2000"
"6699.ton","6699"
"1555.ton","1555"
"3113.ton","3113"
"2288.ton","2288"
"0909.ton","0909"
"5252.ton","5252"
"2772.ton","2772"
"4455.ton","4455"
"0202.ton","0202"
"2992.ton","2992"
"4774.ton","4774"
"1515.ton","1515"
"1998.ton","1998"
"0595.ton","0595"
"2225.ton","2225"
"9669.ton","9669"
"0020.ton","0020"
"1500.ton","1500"
"0040.ton","0040"
"2026.ton","2026"
"8558.ton","8558"
"9991.ton","9991"
"8338.ton","8338"
"1221.ton","1221"
"1188.ton","1188"
"4567.ton","4567"
"2015.ton","2015"
"0065.ton","0065"
"1000.ton","1000"
